"","Distance_to_centroid","date","cage","herbivory","coral","treatment","is.neg","Samples"
"A3_3x3_A2",0.138782267099471,"Jul22","A3","3x3","A2","Enriched",FALSE,"A3_3x3_A2"
"A4_Open_A2",0.671332156770548,"Jul22","A4","Open","A2","Ambient",FALSE,"A4_Open_A2"
"A4_3x3_A10",0.0933132979924546,"Jul22","A4","3x3","A10","Ambient",FALSE,"A4_3x3_A10"
"A3_3x3_A1",0.627595898866682,"Jul22","A3","3x3","A1","Enriched",FALSE,"A3_3x3_A1"
"A4_1x1_A4",0.162708296727911,"Jul22","A4","1x1","A4","Ambient",FALSE,"A4_1x1_A4"
"A4_1x1_A9",0.167920575796467,"Jul22","A4","1x1","A9","Ambient",FALSE,"A4_1x1_A9"
"A3_Open_A6",0.366107439287836,"Jul22","A3","Open","A6","Enriched",FALSE,"A3_Open_A6"
"A4_3x3_A8",0.100781172891182,"Jul22","A4","3x3","A8","Ambient",FALSE,"A4_3x3_A8"
"A4_2x2_A4",0.203976160373041,"Jul22","A4","2x2","A4","Ambient",FALSE,"A4_2x2_A4"
"A4_2x2_A1",0.173430258677609,"Jul22","A4","2x2","A1","Ambient",FALSE,"A4_2x2_A1"
"A4_2x2_A8",0.208766732517628,"Jul22","A4","2x2","A8","Ambient",FALSE,"A4_2x2_A8"
"A3_2x2_A6",0.235917763853293,"Jul22","A3","2x2","A6","Enriched",FALSE,"A3_2x2_A6"
"A4_3x3_A4",0.142220371155629,"Jul22","A4","3x3","A4","Ambient",FALSE,"A4_3x3_A4"
"A4_1x1_A5",0.514792813075763,"Jul22","A4","1x1","A5","Ambient",FALSE,"A4_1x1_A5"
"A3_Open_A14",0.214633648792675,"Jul22","A3","Open","A14","Enriched",FALSE,"A3_Open_A14"
"A4_2x2_A6",0.689452293621736,"Jul22","A4","2x2","A6","Ambient",FALSE,"A4_2x2_A6"
"A3_2x2_A4",0.709223618290337,"Jul22","A3","2x2","A4","Enriched",FALSE,"A3_2x2_A4"
"A4_3x3_A7",0.786887013769704,"Jul22","A4","3x3","A7","Ambient",FALSE,"A4_3x3_A7"
"A3_2x2_A7",0.178306882360712,"Jul22","A3","2x2","A7","Enriched",FALSE,"A3_2x2_A7"
"A3_3x3_A7",0.112700071349551,"Jul22","A3","3x3","A7","Enriched",FALSE,"A3_3x3_A7"
"A3_Open_A4",0.203933324430766,"Jul22","A3","Open","A4","Enriched",FALSE,"A3_Open_A4"
"A3_Open_A7",0.22685251038541,"Jul22","A3","Open","A7","Enriched",FALSE,"A3_Open_A7"
"A4_1x1_A2",0.738011570637099,"Jul22","A4","1x1","A2","Ambient",FALSE,"A4_1x1_A2"
"D1_2x2_A1",0.261120291199152,"Jul22","D1","2x2","A1","Ambient",FALSE,"D1_2x2_A1"
"C2_1x1_A1",0.21154569592511,"Jul22","C2","1x1","A1","Ambient",FALSE,"C2_1x1_A1"
"B1_1x1_A7",0.197087955022439,"Jul22","B1","1x1","A7","Enriched",FALSE,"B1_1x1_A7"
"C2_Open_A3",0.21496616159874,"Jul22","C2","Open","A3","Ambient",FALSE,"C2_Open_A3"
"B1_1x1_A6",0.169247605330228,"Jul22","B1","1x1","A6","Enriched",FALSE,"B1_1x1_A6"
"B1_3x3_A7",0.12877373431038,"Jul22","B1","3x3","A7","Enriched",FALSE,"B1_3x3_A7"
"A3_Open_A11",0.215526539130082,"Jul22","A3","Open","A11","Enriched",FALSE,"A3_Open_A11"
"A4_3x3_A3",0.143679173428483,"Jul22","A4","3x3","A3","Ambient",FALSE,"A4_3x3_A3"
"A4_1x1_A3",0.167911868880213,"Jul22","A4","1x1","A3","Ambient",FALSE,"A4_1x1_A3"
"B1_3x3_A11",0.157884161933557,"Jul22","B1","3x3","A11","Enriched",FALSE,"B1_3x3_A11"
"B1_2x2_A6",0.19551332407167,"Jul22","B1","2x2","A6","Enriched",FALSE,"B1_2x2_A6"
"D1_3x3_A1",0.13342756844533,"Jul22","D1","3x3","A1","Ambient",FALSE,"D1_3x3_A1"
"B1_3x3_A18",0.143711729861658,"Jul22","B1","3x3","A18","Enriched",FALSE,"B1_3x3_A18"
"B1_1x1_A8",0.156842661630081,"Jul22","B1","1x1","A8","Enriched",FALSE,"B1_1x1_A8"
"D1_Open_A5",0.21800135011359,"Jul22","D1","Open","A5","Ambient",FALSE,"D1_Open_A5"
"B1_3x3_A5",0.123372664715421,"Jul22","B1","3x3","A5","Enriched",FALSE,"B1_3x3_A5"
"B1_2x2_A4",0.705834255497366,"Jul22","B1","2x2","A4","Enriched",FALSE,"B1_2x2_A4"
"B1_3x3_A8",0.130249557931338,"Jul22","B1","3x3","A8","Enriched",FALSE,"B1_3x3_A8"
"B1_2x2_A7",0.240258363445581,"Jul22","B1","2x2","A7","Enriched",FALSE,"B1_2x2_A7"
"C2_1x1_P5",0.746631276140327,"Jul22","C2","1x1","P5","Ambient",FALSE,"C2_1x1_P5"
"D1_Open_A1",0.231279150651101,"Jul22","D1","Open","A1","Ambient",FALSE,"D1_Open_A1"
"B1_2x2_A5",0.220554773753837,"Jul22","B1","2x2","A5","Enriched",FALSE,"B1_2x2_A5"
"D1_Open_A3",0.575264421253288,"Jul22","D1","Open","A3","Ambient",FALSE,"D1_Open_A3"
"B1_3x3_A6",0.108683560939277,"Jul22","B1","3x3","A6","Enriched",FALSE,"B1_3x3_A6"
"D1_Open_A6",0.188511286922759,"Jul22","D1","Open","A6","Ambient",FALSE,"D1_Open_A6"
"D1_3x3_A7",0.164584136055833,"Jul22","D1","3x3","A7","Ambient",FALSE,"D1_3x3_A7"
"D1_3x3_A4",0.757767318296847,"Jul22","D1","3x3","A4","Ambient",FALSE,"D1_3x3_A4"
"C2_Open_A4",0.160637920135564,"Jul22","C2","Open","A4","Ambient",FALSE,"C2_Open_A4"
"C2_1x1_A3",0.161909980327569,"Jul22","C2","1x1","A3","Ambient",FALSE,"C2_1x1_A3"
"C2_2x2_A2_1",0.714623437877082,"Jul22","C2","2x2","A2","Ambient",FALSE,"C2_2x2_A2_1"
"D1_1x1_A4",0.196452842656665,"Jul22","D1","1x1","A4","Ambient",FALSE,"D1_1x1_A4"
"C2_Open_A1",0.16832596700031,"Jul22","C2","Open","A1","Ambient",FALSE,"C2_Open_A1"
"B1_3x3_A3_questionmark",0.514147117743918,"Jul22","B1","3x3","A3","Enriched",FALSE,"B1_3x3_A3_questionmark"
"B1_1x1_A3",0.180798505224082,"Jul22","B1","1x1","A3","Enriched",FALSE,"B1_1x1_A3"
"C2_Open_A7",0.72102543227655,"Jul22","C2","Open","A7","Ambient",FALSE,"C2_Open_A7"
"C2_Open_A2",0.464544083583224,"Jul22","C2","Open","A2","Ambient",FALSE,"C2_Open_A2"
"D1_Open_A2",0.75216370937342,"Jul22","D1","Open","A2","Ambient",FALSE,"D1_Open_A2"
"B1_3x3_A9",0.148285073590859,"Jul22","B1","3x3","A9","Enriched",FALSE,"B1_3x3_A9"
"D1_1x1_A2",0.377307927586488,"Jul22","D1","1x1","A2","Ambient",FALSE,"D1_1x1_A2"
"B1_3x3_A13",0.161952727189186,"Jul22","B1","3x3","A13","Enriched",FALSE,"B1_3x3_A13"
"B1_1x1_A2",0.508401057348259,"Jul22","B1","1x1","A2","Enriched",FALSE,"B1_1x1_A2"
"B1_2x2_A8",0.755315835960205,"Jul22","B1","2x2","A8","Enriched",FALSE,"B1_2x2_A8"
"B1_1x1_A1",0.662323531686679,"Jul22","B1","1x1","A1","Enriched",FALSE,"B1_1x1_A1"
"B2_1x1_A4",0.163758666458481,"Jul22","B2","1x1","A4","Ambient",FALSE,"B2_1x1_A4"
"B2_1x1_A15",0.61287425939328,"Jul22","B2","1x1","A15","Ambient",FALSE,"B2_1x1_A15"
"B2_1x1_A9",0.582510852809112,"Jul22","B2","1x1","A9","Ambient",FALSE,"B2_1x1_A9"
"B2_1x1_A8",0.178049504881726,"Jul22","B2","1x1","A8","Ambient",FALSE,"B2_1x1_A8"
"B2_1x1_A7",0.64422861717722,"Jul22","B2","1x1","A7","Ambient",FALSE,"B2_1x1_A7"
"B2_3x3_A6_1",0.258303103722411,"Jul22","B2","3x3","A6","Ambient",FALSE,"B2_3x3_A6_1"
"B2_1x1_A2",0.183149561420182,"Jul22","B2","1x1","A2","Ambient",FALSE,"B2_1x1_A2"
"B2_1x1_A3",0.761874790066524,"Jul22","B2","1x1","A3","Ambient",FALSE,"B2_1x1_A3"
"C2_3x3_A10",0.101797627363923,"Jul22","C2","3x3","A10","Ambient",FALSE,"C2_3x3_A10"
"C2_3x3_A11",0.108954361326296,"Jul22","C2","3x3","A11","Ambient",FALSE,"C2_3x3_A11"
"B2_Open_A1",0.223272352155874,"Jul22","B2","Open","A1","Ambient",FALSE,"B2_Open_A1"
"C4_2x2_A2",0.267492060485128,"Jul22","C4","2x2","A2","Enriched",FALSE,"C4_2x2_A2"
"C2_3x3_A1",0.756272388180895,"Jul22","C2","3x3","A1","Ambient",FALSE,"C2_3x3_A1"
"C2_3x3_A5",0.300629983346434,"Jul22","C2","3x3","A5","Ambient",FALSE,"C2_3x3_A5"
"B2_1x1_A13",0.149312078972075,"Jul22","B2","1x1","A13","Ambient",FALSE,"B2_1x1_A13"
"B2_Open_A4",0.712761459928659,"Jul22","B2","Open","A4","Ambient",FALSE,"B2_Open_A4"
"B1_3x3_A1",0.12813331162509,"Jul22","B1","3x3","A1","Enriched",FALSE,"B1_3x3_A1"
"B1_Open_A5",0.187330394548464,"Jul22","B1","Open","A5","Enriched",FALSE,"B1_Open_A5"
"B2_Open_A7",0.16301966533502,"Jul22","B2","Open","A7","Ambient",FALSE,"B2_Open_A7"
"C2_3x3_A4",0.113349707730416,"Jul22","C2","3x3","A4","Ambient",FALSE,"C2_3x3_A4"
"B2_Open_A9",0.180279583420623,"Jul22","B2","Open","A9","Ambient",FALSE,"B2_Open_A9"
"B1_Open_A2",0.229613921330454,"Jul22","B1","Open","A2","Enriched",FALSE,"B1_Open_A2"
"B2_3x3_A6_2",0.15643558464378,"Jul22","B2","3x3","A6","Ambient",FALSE,"B2_3x3_A6_2"
"B1_Open_A6",0.186786324912507,"Jul22","B1","Open","A6","Enriched",FALSE,"B1_Open_A6"
"C2_3x3_A3",0.120316862897243,"Jul22","C2","3x3","A3","Ambient",FALSE,"C2_3x3_A3"
"C2_2x2_A2_2",0.204417881939568,"Jul22","C2","2x2","A2","Ambient",FALSE,"C2_2x2_A2_2"
"B2_Open_A2",0.726579357019716,"Jul22","B2","Open","A2","Ambient",FALSE,"B2_Open_A2"
"B2_2x2_A2",0.345728610619355,"Jul22","B2","2x2","A2","Ambient",FALSE,"B2_2x2_A2"
"B2_1x1_A16",0.461653082036325,"Jul22","B2","1x1","A16","Ambient",FALSE,"B2_1x1_A16"
"B2_1x1_P17",0.674223123296003,"Jul22","B2","1x1","P17","Ambient",FALSE,"B2_1x1_P17"
"C2_2x2_A5",0.550059465009595,"Jul22","C2","2x2","A5","Ambient",FALSE,"C2_2x2_A5"
"C2_3x3_A6",0.152475764441569,"Jul22","C2","3x3","A6","Ambient",FALSE,"C2_3x3_A6"
"C2_3x3_A2",0.122802289653884,"Jul22","C2","3x3","A2","Ambient",FALSE,"C2_3x3_A2"
"B2_3x3_A2",0.148284069963317,"Jul22","B2","3x3","A2","Ambient",FALSE,"B2_3x3_A2"
"C2_3x3_A9",0.7373839058987,"Jul22","C2","3x3","A9","Ambient",FALSE,"C2_3x3_A9"
"B2_2x2_A1",0.295656170424889,"Jul22","B2","2x2","A1","Ambient",FALSE,"B2_2x2_A1"
"C2_3x3_A7",0.118296406436375,"Jul22","C2","3x3","A7","Ambient",FALSE,"C2_3x3_A7"
"B2_3x3_A7",0.158061827124249,"Jul22","B2","3x3","A7","Ambient",FALSE,"B2_3x3_A7"
"B2_Open_A8",0.236643015496203,"Jul22","B2","Open","A8","Ambient",FALSE,"B2_Open_A8"
"B2_1x1_P1",0.195807899867919,"Jul22","B2","1x1","P1","Ambient",FALSE,"B2_1x1_P1"
"B1_Open_A3",0.18382428294337,"Jul22","B1","Open","A3","Enriched",FALSE,"B1_Open_A3"
"B2_Open_A6",0.156260810219609,"Jul22","B2","Open","A6","Ambient",FALSE,"B2_Open_A6"
"B2_1x1_A14",0.154969987565923,"Jul22","B2","1x1","A14","Ambient",FALSE,"B2_1x1_A14"
"B2_1x1_A6",0.190701266050024,"Jul22","B2","1x1","A6","Ambient",FALSE,"B2_1x1_A6"
"C4_2x2_A11",0.223491037741584,"Jul22","C4","2x2","A11","Enriched",FALSE,"C4_2x2_A11"
"C4_1x1_A10",0.190293766690706,"Jul22","C4","1x1","A10","Enriched",FALSE,"C4_1x1_A10"
"C4_1x1_A6",0.212670326102222,"Jul22","C4","1x1","A6","Enriched",FALSE,"C4_1x1_A6"
"D3_Open_A1",0.559610314958494,"Jul22","D3","Open","A1","Enriched",FALSE,"D3_Open_A1"
"D3_1x1_A2",0.216643102648592,"Jul22","D3","1x1","A2","Enriched",FALSE,"D3_1x1_A2"
"D3_Open_A12",0.667199373436157,"Jul22","D3","Open","A12","Enriched",FALSE,"D3_Open_A12"
"D3_Open_A14",0.247710589203614,"Jul22","D3","Open","A14","Enriched",FALSE,"D3_Open_A14"
"D3_1x1_A1",0.213624173589209,"Jul22","D3","1x1","A1","Enriched",FALSE,"D3_1x1_A1"
"D3_2x2_A5",0.254029742074696,"Jul22","D3","2x2","A5","Enriched",FALSE,"D3_2x2_A5"
"D3_3x3_A2",0.149859758101657,"Jul22","D3","3x3","A2","Enriched",FALSE,"D3_3x3_A2"
"D3_1x1_A5",0.183329310756834,"Jul22","D3","1x1","A5","Enriched",FALSE,"D3_1x1_A5"
"D3_1x1_A6",0.145187888011334,"Jul22","D3","1x1","A6","Enriched",FALSE,"D3_1x1_A6"
"D3_1x1_A11",0.172542782491815,"Jul22","D3","1x1","A11","Enriched",FALSE,"D3_1x1_A11"
"C4_1x1_A11",0.167208887905785,"Jul22","C4","1x1","A11","Enriched",FALSE,"C4_1x1_A11"
"C4_1x1_A2",0.204554815349263,"Jul22","C4","1x1","A2","Enriched",FALSE,"C4_1x1_A2"
"C4_2x2_A7",0.166984587806516,"Jul22","C4","2x2","A7","Enriched",FALSE,"C4_2x2_A7"
"C4_3x3_A5",0.146987574352378,"Jul22","C4","3x3","A5","Enriched",FALSE,"C4_3x3_A5"
"C4_2x2_A14",0.253563728862648,"Jul22","C4","2x2","A14","Enriched",FALSE,"C4_2x2_A14"
"C4_2x2_A6",0.246723120588691,"Jul22","C4","2x2","A6","Enriched",FALSE,"C4_2x2_A6"
"C4_Open_A4",0.208800692347269,"Jul22","C4","Open","A4","Enriched",FALSE,"C4_Open_A4"
"C4_1x1_A4",0.18725153855825,"Jul22","C4","1x1","A4","Enriched",FALSE,"C4_1x1_A4"
"D3_Open_A11",0.180005719516175,"Jul22","D3","Open","A11","Enriched",FALSE,"D3_Open_A11"
"C4_3x3_A3",0.151397755791453,"Jul22","C4","3x3","A3","Enriched",FALSE,"C4_3x3_A3"
"D3_2x2_A1",0.252362987240175,"Jul22","D3","2x2","A1","Enriched",FALSE,"D3_2x2_A1"
"D3_1x1_A9",0.205971880930718,"Jul22","D3","1x1","A9","Enriched",FALSE,"D3_1x1_A9"
"D3_1x1_A12",0.153775184553135,"Jul22","D3","1x1","A12","Enriched",FALSE,"D3_1x1_A12"
"D3_Open_A4",0.171069093007712,"Jul22","D3","Open","A4","Enriched",FALSE,"D3_Open_A4"
"C4_Open_A5",0.243413629093661,"Jul22","C4","Open","A5","Enriched",FALSE,"C4_Open_A5"
"D3_Open_A10",0.181218190487199,"Jul22","D3","Open","A10","Enriched",FALSE,"D3_Open_A10"
"D3_Open_A7",0.179023211937362,"Jul22","D3","Open","A7","Enriched",FALSE,"D3_Open_A7"
"D3_3x3_A4",0.12776466294739,"Jul22","D3","3x3","A4","Enriched",FALSE,"D3_3x3_A4"
"D3_3x3_A5",0.156101004185833,"Jul22","D3","3x3","A5","Enriched",FALSE,"D3_3x3_A5"
"C4_Open_A6",0.202978376373388,"Jul22","C4","Open","A6","Enriched",FALSE,"C4_Open_A6"
"C4_Open_A1",0.210107628013664,"Jul22","C4","Open","A1","Enriched",FALSE,"C4_Open_A1"
"C4_3x3_A7",0.157464548957762,"Jul22","C4","3x3","A7","Enriched",FALSE,"C4_3x3_A7"
"D3_Open_A3",0.610114955379296,"Jul22","D3","Open","A3","Enriched",FALSE,"D3_Open_A3"
"C4_1x1_A7",0.16404683494175,"Jul22","C4","1x1","A7","Enriched",FALSE,"C4_1x1_A7"
"D3_1x1_A13",0.202023704778206,"Jul22","D3","1x1","A13","Enriched",FALSE,"D3_1x1_A13"
"D3_2x2_A3",0.207317883270634,"Jul22","D3","2x2","A3","Enriched",FALSE,"D3_2x2_A3"
"D3_3x3_A1",0.103881439740146,"Jul22","D3","3x3","A1","Enriched",FALSE,"D3_3x3_A1"
"C4_1x1_A12",0.190213183750858,"Jul22","C4","1x1","A12","Enriched",FALSE,"C4_1x1_A12"
"D3_Open_A6",0.208492027270574,"Jul22","D3","Open","A6","Enriched",FALSE,"D3_Open_A6"
"C4_1x1_A1",0.21876880721613,"Jul22","C4","1x1","A1","Enriched",FALSE,"C4_1x1_A1"
"D3_1x1_A3",0.213528741863025,"Jul22","D3","1x1","A3","Enriched",FALSE,"D3_1x1_A3"
"C4_1x1_A8",0.200337336400399,"Jul22","C4","1x1","A8","Enriched",FALSE,"C4_1x1_A8"
"C4_3x3_A2",0.16022124595829,"Jul22","C4","3x3","A2","Enriched",FALSE,"C4_3x3_A2"
"C4_Open_A2",0.263115027860365,"Jul22","C4","Open","A2","Enriched",FALSE,"C4_Open_A2"
"C4_1x1_A3",0.202380671614058,"Jul22","C4","1x1","A3","Enriched",FALSE,"C4_1x1_A3"
"D3_Open_A13",0.182631940831026,"Jul22","D3","Open","A13","Enriched",FALSE,"D3_Open_A13"
"A3_Open_A8",0.34144119067691,"Jul22","A3","Open","A8","Enriched",FALSE,"A3_Open_A8"
"A4_1x1_A10",0.263508211525487,"Jul22","A4","1x1","A10","Ambient",FALSE,"A4_1x1_A10"
"A3_2x2_A3",0.226119144906617,"Jul22","A3","2x2","A3","Enriched",FALSE,"A3_2x2_A3"
"A3_2x2_A8",0.218594081194682,"Jul22","A3","2x2","A8","Enriched",FALSE,"A3_2x2_A8"
"A3_Open_A5",0.758957550632381,"Jul22","A3","Open","A5","Enriched",FALSE,"A3_Open_A5"
"A3_2x2_A1",0.173339338765443,"Jul22","A3","2x2","A1","Enriched",FALSE,"A3_2x2_A1"
"A3_1x1_A6",0.199903190055259,"Jul22","A3","1x1","A6","Enriched",FALSE,"A3_1x1_A6"
"A3_1x1_A4",0.204434724716049,"Jul22","A3","1x1","A4","Enriched",FALSE,"A3_1x1_A4"
"A3_2x2_A2",0.169749511682355,"Jul22","A3","2x2","A2","Enriched",FALSE,"A3_2x2_A2"
"A3_3x3_A6",0.49786371898273,"Jul22","A3","3x3","A6","Enriched",FALSE,"A3_3x3_A6"
"A3_3x3_A4",0.124686616266261,"Jul22","A3","3x3","A4","Enriched",FALSE,"A3_3x3_A4"
"A3_1x1_A5",0.212719509185358,"Jul22","A3","1x1","A5","Enriched",FALSE,"A3_1x1_A5"
"A4_1x1_A6",0.54383871614322,"Jul22","A4","1x1","A6","Ambient",FALSE,"A4_1x1_A6"
"A3_Open_A1",0.231191724947373,"Jul22","A3","Open","A1","Enriched",FALSE,"A3_Open_A1"
"A4_Open_A5",0.226252734165939,"Jul22","A4","Open","A5","Ambient",FALSE,"A4_Open_A5"
"A3_Open_A3",0.239769335942291,"Jul22","A3","Open","A3","Enriched",FALSE,"A3_Open_A3"
